<?xml version="1.0" encoding="UTF-8"?>
<component xmlns="http://www.opensource-socialnetwork.org/v/3.0">
    <name>GroupInvite</name>
    <id>GroupInvite</id>
    <author>Arsalan Shah</author>
    <description>Send a group join invitation to your friend.</description>
    <license>OPEN SOURCE SOCIAL NETWORK LICENSE (OSSN LICENSE)</license>
    <author_url>https://www.arsalanshah.com/</author_url>
    <license_url>http://www.opensource-socialnetwork.org/licence/</license_url>
    <version>1.1</version>
	<requires>
		<type>ossn_version</type>
		<version>5.2</version>
	</requires>
</component>