<?xml version="1.0" encoding="UTF-8"?>
<component xmlns="http://www.opensource-socialnetwork.org/v/3.0">
    <name>Login with mobile number</name>
    <id>MobileLogin</id>
    <author>Core Team</author>
    <description>Allow users login with their mobile number.</description>
    <license>Commercial</license>
    <author_url>http://www.informatikon.com/</author_url>
    <license_url>https://www.softlab24.com/license/commercial</license_url>
    <version>2.1</version>
	<requires>
		<type>ossn_version</type>
		<version>5.3</version>
	</requires>
</component>