<?xml version="1.0" encoding="UTF-8"?>
<component xmlns="http://www.opensource-socialnetwork.org/v/3.0">
    <name>LinkPreview</name>
    <id>LinkPreview</id>
    <author>Core Team</author>
    <description>Show link contents after posting into the wall post.</description>
    <license>Commercial</license>
    <author_url>https://www.softlab24.com/</author_url>
    <license_url>https://www.softlab24.com/license/commercial-license-v1</license_url>
    <version>5.9</version>
	<requires>
		<type>ossn_version</type>
		<version>5.5</version>
	</requires>
</component>