<?xml version="1.0" encoding="UTF-8"?>
<theme xmlns="http://www.opensource-socialnetwork.org/theme/v/3.0">
    <name>Awesome</name>
    <id>Awesome</id>
    <author>Core Team</author>
    <author_url>https://www.softlab24.com/</author_url>	
    <description>A multi purpose theme for your website.</description>
    <license>SOFTLAB24 LIMITED, COMMERCIAL LICENSE</license>    
	<license_url>https://www.softlab24.com/license/commercial-license-v1</license_url>
    <version>6.4</version>
	<requires>
		<type>ossn_version</type>
		<version>5.3</version>
	</requires>
</theme>
