<?xml version="1.0" encoding="UTF-8"?>
<component xmlns="http://www.opensource-socialnetwork.org/v/3.0">
    <name>General Data Protection Regulation (GDPR) Compliance</name>
    <id>GDPR</id>
    <author>Core Team</author>
    <description>Make your website gdpr compatible.</description>
    <license>Open Source Social Network License (OSSN LICENSE) v3.0</license>
    <author_url>https://www.softlab24.com/</author_url>
    <license_url>http://www.opensource-socialnetwork.org/licence</license_url>
    <version>2.1</version>
	<requires>
		<type>ossn_version</type>
		<version>4.6</version>
	</requires>
</component>