<?xml version="1.0" encoding="UTF-8"?>
<component xmlns="http://www.opensource-socialnetwork.org/v/3.0">
    <name>Moderators</name>
    <id>Moderator</id>
    <author>Core Team</author>
    <description>Assign normal users to moderate posts and comments.</description>
    <license>Commercial</license>
    <author_url>https://www.softlab24.com/</author_url>
    <license_url>https://www.softlab24.com/license/commercial-license-v1</license_url>
    <version>3.4</version>
	<requires>
		<type>ossn_version</type>
		<version>4.0</version>
	</requires>
</component>