<?xml version="1.0" encoding="UTF-8"?>
<component xmlns="http://www.opensource-socialnetwork.org/v/3.0">
    <name>MultiUpload</name>
    <id>MultiUpload</id>
    <author>Softlab24</author>
    <description>A component that will allow you to upload multiple images in your album.</description>
    <license>Commercial</license>
    <author_url>http://www.softlab24.com/</author_url>
    <license_url></license_url>
    <version>1.0</version>
	<requires>
		<type>ossn_version</type>
		<version>4.0</version>
	</requires>
</component>