<?xml version="1.0" encoding="UTF-8"?>
<component xmlns="http://www.opensource-socialnetwork.org/v/3.0">
    <name>Softlab24 Premium Kernel for OSSN</name>
    <id>Kernel</id>
    <author>Core Team</author>
    <description>Premium Social Network Kernel via SOFTALB24.</description>
    <license>SOFTLAB24 COMMERICAL ITEMS LICENSE v1</license>
    <author_url>https://www.softlab24.com/</author_url>
    <license_url>https://www.softlab24.com/license/</license_url>
    <version>5.3</version>
	<requires>
		<type>ossn_version</type>
		<version>5.3</version>
	</requires>
</component>
