<?xml version="1.0" encoding="UTF-8"?>
<component xmlns="http://www.opensource-socialnetwork.org/v/3.0">
    <name>Extended Members</name>
    <id>EMembers</id>
    <author>Core Team</author>
    <description>Create a seprate page for male and female members.</description>
    <license>Commercial</license>
    <author_url>https://www.softlab24.com/</author_url>
    <license_url>http://www.softlab24.com/terms</license_url>
    <version>3.0</version>
	<requires>
		<type>ossn_version</type>
		<version>5.3</version>
	</requires>
</component>
