<?xml version="1.0" encoding="UTF-8"?>
<component xmlns="http://www.opensource-socialnetwork.org/v/3.0">
    <name>MenuBuilder</name>
    <id>MenuBuilder</id>
    <author>Core Team</author>
    <description>Allow you to build menu of your website,  add new menu items.</description>
    <license>OPEN SOURCE SOCIAL NETWORK LICENSE (OSSN LICENSE)</license>
    <author_url>https://www.softlab24.com/</author_url>
    <license_url>https://www.opensource-socialnetwork.org/licence/</license_url>
    <version>3.0</version>
	<requires>
		<type>ossn_version</type>
		<version>5.3</version>
	</requires>
</component>