<?xml version="1.0" encoding="UTF-8"?>
<component xmlns="http://www.opensource-socialnetwork.org/v/3.0">
    <name>Videos</name>
    <id>Videos</id>
    <author>Softlab24</author>
    <description>A video component.</description>
    <license>Commercial</license>
    <author_url>http://www.softlab24.com/</author_url>
    <license_url>https://www.softlab24.com/license/commercial-license-v1</license_url>
    <version>5.10</version>
	<requires>
		<type>ossn_version</type>
		<version>5.2</version>
	</requires>
</component>