<?xml version="1.0" encoding="UTF-8"?>
<component xmlns="http://www.opensource-socialnetwork.org/v/3.0">
    <name>Hash Tags</name>
    <id>HashTag</id>
    <author>Core Team</author>
    <description>Allow users to create and preview hashtags in wallposts.</description>
    <license>SOFTLAB24 LIMITED, COMMERCIAL LICENSE v1.0</license>
    <author_url>https://www.softlab24.com/</author_url>
    <license_url>https://www.softlab24.com/license/commercial-license-v1</license_url>
    <version>3.0</version>
	<requires>
		<type>ossn_version</type>
		<version>5.0</version>
	</requires>
</component>
