<?xml version="1.0" encoding="UTF-8"?>
<theme xmlns="http://www.opensource-socialnetwork.org/theme/v/3.0">
    <name>mySocial</name>
    <id>mysocial</id>
    <author>me</author>
    <author_url>https://www.softlab24.com/</author_url>	
    <license>SOFTLAB24 COMMERICAL ITEMS LICENSE v1</license>
    <author_url>https://www.softlab24.com/</author_url>
    <license_url>https://www.softlab24.com/licence</license_url>
    <version>1.0</version>
	<requires>
		<type>ossn_version</type>
		<version>5.0</version>
	</requires>
</theme>
