<?xml version="1.0" encoding="UTF-8"?>
<component xmlns="http://www.opensource-socialnetwork.org/v/3.0">
    <name>Dislike</name>
    <id>Dislike</id>
    <author>Core Team</author>
    <description>Allow users to dislike the posts.</description>
    <license>SOFTLAB24 COMMERCIAL LICENSE</license>
    <author_url>https://www.softlab24.com/</author_url>
    <license_url>http://www.opensource-socialnetwork.org/licence/</license_url>
    <version>4.4</version>
	<requires>
		<type>ossn_version</type>
		<version>5.0</version>
	</requires>
</component>