<?xml version="1.0" encoding="UTF-8"?>
<component xmlns="http://www.opensource-socialnetwork.org/v/3.0">
    <name>Business Pages</name>
    <id>BusinessPage</id>
    <author>Core Team</author>
    <description>Business Pages component for your website.</description>
    <license>SOFTLAB24 COMMERICAL ITEMS LICENSE v1</license>
    <author_url>https://www.softlab24.com/</author_url>
    <license_url>https://www.softlab24.com/licence</license_url>
    <version>1.16</version>
	<requires>
		<type>ossn_version</type>
		<version>5.2</version>
	</requires>
</component>
