<?xml version="1.0" encoding="UTF-8"?>
<component xmlns="http://www.opensource-socialnetwork.org/v/3.0">
    <name>Sentiment Post/Comments Analysis</name>
    <id>Sentiment</id>
    <author>Core Team</author>
    <description>A post and comments negative and postive analysis.</description>
    <license>Commercial</license>
    <author_url>http://www.softlab24.com/</author_url>
    <license_url>https://www.softlab24.com/license/commercial</license_url>
    <version>1.1</version>
	<requires>
		<type>ossn_version</type>
		<version>5.0</version>
	</requires>
</component>