<?xml version="1.0" encoding="UTF-8"?>
<component xmlns="http://www.opensource-socialnetwork.org/v/3.0">
    <name>Custom Profile Fields</name>
    <id>CustomFields</id>
    <author>Core Team</author>
    <description>Custom profile fields.</description>
    <license>Commercial</license>
    <author_url>https://www.softlab24.com/</author_url>
    <license_url>https://www.softlab24.com/license/commercial-license-v1</license_url>
    <version>5.6</version>
	<requires>
		<type>ossn_version</type>
		<version>5.3</version>
	</requires>
</component>