<?xml version="1.0" encoding="UTF-8"?>
<component xmlns="http://www.opensource-socialnetwork.org/v/3.0">
    <name>OssnSmilies</name>
    <id>OssnSmilies</id>
    <author>Core Team</author>
    <description>Inserts unicode emojis and converts ascii patterns into smilies.</description>
    <license>Open Source Social Network License (OSSN LICENSE)</license>
    <author_url>https://www.softlab24.com/</author_url>
    <license_url>http://www.opensource-socialnetwork.org/licence/</license_url>
    <version>4.6</version>
	<requires>
		<type>ossn_version</type>
		<version>5.3</version>
	</requires>
</component>