<?xml version="1.0" encoding="UTF-8"?>
<component xmlns="http://www.opensource-socialnetwork.org/v/3.0">
    <name>Social Login</name>
    <id>SocialLogin</id>
    <author>Core Team</author>
    <description>Allow users to login with differnt social accounts, like facebook, twitter etc.</description>
    <license>Commercial</license>
    <author_url>https://www.softlab24.com/</author_url>
    <license_url>https://www.softlab24.com/</license_url>
    <version>5.1</version>
	<requires>
		<type>ossn_version</type>
		<version>4.0</version>
	</requires>
</component>